,urcv,rcv,url2,rl2,t90,t70,t50,tcv
1,0.00258048714117694,0.00258048714117694,0.0448719032080922,0.0448719032080922,1.199533224105835,1.193535566329956,1.0949132442474365,1.9642722606658936
2,0.0019625967263305856,0.0019625967263305856,0.03846145177735496,0.03846145177735496,1.1949963569641113,1.200000524520874,1.3006033897399902,2.057304620742798
3,0.0016985941660050212,0.0016985941660050212,0.034304695698813774,0.034304695698813774,1.1960272789001465,1.202040672302246,1.2075908184051514,1.3010852336883545
4,0.001477209748636014,0.001477209748636014,0.033841454609411736,0.033841454609411736,1.3026111125946045,1.3086090087890625,1.2010016441345215,1.4106991291046143
5,0.001479326306438077,0.001479326306438077,0.03325307542935232,0.03325307542935232,1.3071036338806152,1.3081247806549072,1.3130953311920166,1.5243444442749023
6,0.001393251223402334,0.001393251223402334,0.031429488693668586,0.031429488693668586,1.2976024150848389,1.2986185550689697,1.301612377166748,1.6333951950073242
7,0.0014082142225645008,0.0014082142225645008,0.032079248008224426,0.032079248008224426,1.3026063442230225,1.315112829208374,1.295612096786499,1.627356767654419
8,0.001412508879633615,0.001412508879633615,0.031981095449280746,0.031981095449280746,1.3021090030670166,1.3026375770568848,1.306593418121338,1.7414891719818115
9,0.0014129226192596198,0.0014129226192596198,0.03202154740396059,0.03202154740396059,1.3061244487762451,1.305605411529541,1.3031258583068848,1.7609939575195312
10,0.0012679508897182896,0.0012679508897182896,0.030117958436514384,0.030117958436514384,1.4122037887573242,1.3011322021484375,1.3171699047088623,1.8575482368469238
11,0.0012624365532476328,0.0012624365532476328,0.029944293111380006,0.029944293111380006,1.407200813293457,1.4052307605743408,1.2991206645965576,1.8635540008544922
12,0.001288496976142935,0.001288496976142935,0.030241582102188105,0.030241582102188105,1.4107112884521484,1.3992056846618652,1.3061482906341553,2.0732908248901367
13,0.001284717283759172,0.001284717283759172,0.030701998679187638,0.030701998679187638,1.4191834926605225,1.4007034301757812,1.4132187366485596,1.9756476879119873
14,0.0012884770506775666,0.0012884770506775666,0.030843035175857427,0.030843035175857427,1.403170108795166,1.414219617843628,1.406172513961792,2.036698818206787
15,0.0012462508818142435,0.0012462508818142435,0.029210039840740748,0.029210039840740748,1.4096989631652832,1.403200626373291,1.4116880893707275,2.1353631019592285
16,0.001242751086053514,0.001242751086053514,0.029189904277972172,0.029189904277972172,1.5072569847106934,1.4101758003234863,1.406172513961792,2.2218945026397705
17,0.0012439704390016521,0.0012439704390016521,0.029226956567949252,0.029226956567949252,1.5077602863311768,1.4091753959655762,1.405238151550293,2.3455429077148438
18,0.0012439516161299438,0.0012439516161299438,0.029258980654394494,0.029258980654394494,1.5133001804351807,1.5062730312347412,1.413245439529419,2.4636096954345703
19,0.0012407582881450627,0.0012407582881450627,0.029243765801422978,0.029243765801422978,1.5162639617919922,1.5062994956970215,1.4131782054901123,2.4265482425689697
20,0.0012494082089382816,0.0012494082089382816,0.02922931181425381,0.02922931181425381,1.5142631530761719,1.5077760219573975,1.4041707515716553,2.52516770362854
21,0.0012458955608912027,0.0012458955608912027,0.02925564794293483,0.02925564794293483,1.5107784271240234,1.5132980346679688,1.4087090492248535,2.530749559402466
22,0.0012460186026083168,0.0012460186026083168,0.029163705684586188,0.029163705684586188,1.6058571338653564,1.5037894248962402,1.4197020530700684,2.632753372192383
23,0.0011927464608572043,0.0011927464608572043,0.029264853388758373,0.029264853388758373,1.610856294631958,1.50925874710083,1.506774663925171,2.9174609184265137
24,0.0011943091949326225,0.0011943091949326225,0.029103638948666296,0.029103638948666296,1.6168673038482666,1.614367961883545,1.5122606754302979,3.0240681171417236
25,0.0011480217784326605,0.0011480217784326605,0.028598972013143063,0.028598972013143063,1.6083414554595947,1.6018719673156738,1.5063166618347168,2.8894591331481934
26,0.0011500730149708437,0.0011500730149708437,0.02859562022785003,0.02859562022785003,1.6114270687103271,1.6143462657928467,1.5168397426605225,3.0040338039398193
27,0.0011494065873067952,0.0011494065873067952,0.028737258613605123,0.028737258613605123,1.6118643283843994,1.6098601818084717,1.51627779006958,3.0556423664093018
28,0.001150430786755269,0.001150430786755269,0.028946703613677963,0.028946703613677963,1.7114272117614746,1.6028468608856201,1.5127897262573242,3.2532715797424316
29,0.0011535926403673684,0.0011535926403673684,0.028877744663930078,0.028877744663930078,1.7124929428100586,1.6163763999938965,1.516296148300171,3.3398916721343994
30,0.0011542427498573392,0.0011542427498573392,0.029130448788792174,0.029130448788792174,1.7179467678070068,1.6143460273742676,1.5107967853546143,3.4609029293060303
31,0.0011558794641522453,0.0011558794641522453,0.029102122520744088,0.029102122520744088,1.7124278545379639,1.6073627471923828,1.6098604202270508,3.58003568649292
32,0.0011559902001392135,0.0011559902001392135,0.02918795057825784,0.02918795057825784,1.7059407234191895,1.605879306793213,1.6133606433868408,3.5045413970947266
33,0.0011606289914918443,0.0011606289914918443,0.028851435700357336,0.028851435700357336,1.7139701843261719,1.7109453678131104,1.6198689937591553,3.8928067684173584
34,0.0011591242865345171,0.0011591242865345171,0.02895454201041173,0.02895454201041173,1.716966152191162,1.712428092956543,1.620408058166504,3.715679168701172
35,0.0011591604220512054,0.0011591604220512054,0.029043750747148822,0.029043750747148822,1.7049405574798584,1.7254388332366943,1.6148836612701416,3.7086422443389893
36,0.0011588788632658543,0.0011588788632658543,0.02900634593615421,0.02900634593615421,1.8128604888916016,1.7126548290252686,1.6189050674438477,3.8402459621429443
37,0.0011755209382256688,0.0011755209382256688,0.029271717396426894,0.029271717396426894,1.931227445602417,1.9311339855194092,1.7349510192871094,4.407265663146973
38,0.0011889484137662652,0.0011889484137662652,0.029590912285531904,0.029590912285531904,1.8160276412963867,1.7224364280700684,1.6133451461791992,4.1055731773376465
39,0.0011737620907782092,0.0011737620907782092,0.029488352668257417,0.029488352668257417,1.8135344982147217,1.7224366664886475,1.6173887252807617,4.203063249588013
40,0.0011681976478352522,0.0011681976478352522,0.02953207394309545,0.02953207394309545,1.923638105392456,1.712458610534668,1.7059402465820312,4.332140684127808
41,0.0011556094502839878,0.0011556094502839878,0.029633703696311717,0.029633703696311717,1.9216022491455078,1.8335623741149902,1.7424890995025635,4.590888023376465
42,0.001157638870155276,0.001157638870155276,0.02951644541144594,0.02951644541144594,1.9296391010284424,1.8205444812774658,1.7099573612213135,4.393747568130493
43,0.0011378602509882203,0.0011378602509882203,0.029388622495596383,0.029388622495596383,1.9196419715881348,1.8130319118499756,1.7164878845214844,4.654431104660034
44,0.00114205970525197,0.00114205970525197,0.029757880951359617,0.029757880951359617,2.017199993133545,1.8220672607421875,1.7079780101776123,5.007217645645142
45,0.001145977202636242,0.001145977202636242,0.029460738409156525,0.029460738409156525,2.0177528858184814,1.8225197792053223,1.7234375476837158,4.74306583404541
46,0.001154089877855915,0.001154089877855915,0.029404022511854082,0.029404022511854082,1.9341716766357422,1.9181485176086426,1.713958978652954,4.803572654724121
47,0.0011464237346884667,0.0011464237346884667,0.029452795120543947,0.029452795120543947,2.0202107429504395,1.9331309795379639,1.8190975189208984,4.820615530014038
48,0.0011465699961940542,0.0011465699961940542,0.029439222579135067,0.029439222579135067,2.0222063064575195,2.027249813079834,1.8095505237579346,5.094316244125366
49,0.001146752915066915,0.001146752915066915,0.02949973765830866,0.02949973765830866,2.011195659637451,1.977205514907837,1.8210363388061523,4.977265119552612
50,0.0011470675047842703,0.0011470675047842703,0.02949821427934105,0.02949821427934105,2.114797592163086,1.919600486755371,1.8125324249267578,5.028294324874878
51,0.0011482291243373323,0.0011482291243373323,0.02949123449146639,0.02949123449146639,2.122342586517334,2.0176825523376465,1.9281413555145264,5.727864742279053
52,0.0011510957810908617,0.0011510957810908617,0.029596071211834368,0.029596071211834368,2.1232898235321045,2.0141918659210205,1.8180737495422363,5.308990716934204
53,0.00115763348045407,0.00115763348045407,0.029443400509740897,0.029443400509740897,2.1097967624664307,2.0102107524871826,1.8205180168151855,5.796501398086548
54,0.001152803922401354,0.001152803922401354,0.029537894305771008,0.029537894305771008,2.1163058280944824,2.0081934928894043,1.8105401992797852,5.694801568984985
55,0.0011526033566122825,0.0011526033566122825,0.02968977889705543,0.02968977889705543,2.223365068435669,2.015197992324829,1.913633108139038,5.510159015655518
56,0.001149853879665456,0.001149853879665456,0.029775005068781835,0.029775005068781835,2.216898202896118,2.0086898803710938,1.9181349277496338,5.630253791809082
57,0.0011523719145583645,0.0011523719145583645,0.02947558559029676,0.02947558559029676,2.318965435028076,2.010201930999756,1.9231398105621338,6.0385777950286865
58,0.0011577373087120527,0.0011577373087120527,0.029745710083267114,0.029745710083267114,2.322481155395508,2.1103034019470215,1.909111499786377,5.834897518157959
59,0.0011577642904480778,0.0011577642904480778,0.029795975281297328,0.029795975281297328,2.3190181255340576,2.1142754554748535,1.9166395664215088,5.896005630493164
60,0.0011572432194557212,0.0011572432194557212,0.02953109405472042,0.02953109405472042,2.3239779472351074,2.1218135356903076,2.1243550777435303,6.062154769897461
61,0.001153058640758234,0.001153058640758234,0.02939223898402627,0.02939223898402627,2.3249709606170654,2.113278865814209,2.0077121257781982,6.157206296920776
62,0.0011484113091237555,0.0011484113091237555,0.029432386362994927,0.029432386362994927,2.421539068222046,2.217390298843384,2.016711950302124,6.142205238342285
63,0.0011507568159949961,0.0011507568159949961,0.029375184682729562,0.029375184682729562,2.541687250137329,2.320957660675049,2.0107216835021973,6.43290376663208
64,0.0011550227790384205,0.0011550227790384205,0.029422972802964097,0.029422972802964097,2.4315764904022217,2.2128689289093018,2.1182990074157715,6.746702432632446
65,0.0011490285496977073,0.0011490285496977073,0.029704877976185803,0.029704877976185803,2.5241189002990723,2.3324637413024902,2.1187949180603027,7.064034700393677
66,0.0011503029730321637,0.0011503029730321637,0.029728387415289225,0.029728387415289225,2.526144504547119,2.3204517364501953,2.110760450363159,6.7102837562561035
67,0.0011523600545824315,0.0011523600545824315,0.029862622126164775,0.029862622126164775,2.6221866607666016,2.42604660987854,2.1217689514160156,6.821316957473755
68,0.0011528294742670676,0.0011528294742670676,0.029886393159956115,0.029886393159956115,2.6307032108306885,2.5462021827697754,2.2159032821655273,7.011966705322266
69,0.0011547060546807987,0.0011547060546807987,0.02987648275380282,0.02987648275380282,2.62520432472229,2.339951276779175,2.1202988624572754,6.845502138137817
70,0.001157723577145616,0.001157723577145616,0.03008786247671373,0.03008786247671373,2.6352272033691406,2.4185352325439453,2.1157641410827637,6.890856742858887
71,0.0011584754169568273,0.0011584754169568273,0.02991976753699933,0.02991976753699933,2.6207025051116943,2.422546148300171,2.2333734035491943,7.278190851211548
72,0.0011644681438240743,0.0011644681438240743,0.030123056827153997,0.030123056827153997,2.6422033309936523,2.428542375564575,2.2183938026428223,7.021413087844849
73,0.0011640714537888054,0.0011640714537888054,0.03011084544777848,0.03011084544777848,2.734318733215332,2.543671131134033,2.2198851108551025,7.443278551101685
74,0.0011623237918103903,0.0011623237918103903,0.030178777963352013,0.030178777963352013,2.832885503768921,2.5301263332366943,2.3244569301605225,7.484869003295898
75,0.001165033806421935,0.001165033806421935,0.030185033257609017,0.030185033257609017,2.8493762016296387,2.7418134212493896,2.455139398574829,8.257677793502808
76,0.0011654546003491393,0.0011654546003491393,0.030096635284375055,0.030096635284375055,2.8293838500976562,2.642733573913574,2.3269786834716797,7.929175138473511
77,0.001157121684343602,0.001157121684343602,0.030167656598828557,0.030167656598828557,2.94049072265625,2.6352288722991943,2.3349828720092773,8.21998929977417
78,0.0011591067672578619,0.0011591067672578619,0.03010577985522107,0.03010577985522107,2.946021795272827,2.6197521686553955,2.429025650024414,7.846581935882568
79,0.001152109459332293,0.001152109459332293,0.03009148578338626,0.03009148578338626,2.9404914379119873,2.748319149017334,2.4410648345947266,8.170090675354004
80,0.0011568914148515652,0.0011568914148515652,0.030007519006027,0.030007519006027,3.0491199493408203,2.735840320587158,2.429025650024414,8.000864505767822
81,0.0011619173848138949,0.0011619173848138949,0.030245761204876313,0.030245761204876313,3.042537212371826,2.732823371887207,2.4350671768188477,8.439155578613281
82,0.0011631408125746395,0.0011631408125746395,0.03019039331262087,0.03019039331262087,3.1491377353668213,2.729290246963501,2.637751340866089,8.466260433197021
83,0.0011646038983015008,0.0011646038983015008,0.03021175343731336,0.03021175343731336,3.044583797454834,2.730825185775757,2.537259340286255,8.499480962753296
84,0.0011693460792102765,0.0011693460792102765,0.03030121326427962,0.03030121326427962,3.141672134399414,2.841911792755127,2.5411276817321777,8.48120927810669
85,0.0011694860923632498,0.0011694860923632498,0.03032310697156001,0.03032310697156001,3.155644178390503,2.839400053024292,2.528160572052002,8.808585405349731
86,0.0011770027537760758,0.0011770027537760758,0.03040252606062101,0.03040252606062101,3.155642032623291,2.8373961448669434,2.648268938064575,9.03920602798462
87,0.001175377280786654,0.001175377280786654,0.0302780601582092,0.0302780601582092,3.15767502784729,2.9690628051757812,2.6382665634155273,8.926142930984497
88,0.0011813643443046823,0.0011813643443046823,0.030251272326707133,0.030251272326707133,3.374438762664795,3.156667947769165,2.741312265396118,8.932593822479248
89,0.0011785775410046147,0.0011785775410046147,0.030339958485460686,0.030339958485460686,3.3714253902435303,3.0291216373443604,2.6402227878570557,9.332871913909912
90,0.0011776631941468382,0.0011776631941468382,0.030353756614101408,0.030353756614101408,3.2547671794891357,2.947457790374756,2.640706777572632,9.889893531799316
91,0.0011805669180578794,0.0011805669180578794,0.030255731539164023,0.030255731539164023,3.3693456649780273,2.9420175552368164,2.73180890083313,9.730227947235107
92,0.001181423004938029,0.001181423004938029,0.030329849366690562,0.030329849366690562,3.2552645206451416,3.03905987739563,2.7312769889831543,9.26846718788147
93,0.0011861206338632832,0.0011861206338632832,0.03033194730745446,0.03033194730745446,3.3613667488098145,3.156508684158325,2.7473392486572266,9.209900379180908
94,0.0011788445521053745,0.0011788445521053745,0.030402002407487267,0.030402002407487267,3.448908567428589,3.030608654022217,2.724271774291992,9.2087721824646
95,0.0011819127984450026,0.0011819127984450026,0.03037101660309492,0.03037101660309492,3.462038516998291,3.049057722091675,2.73932147026062,9.814837455749512
96,0.0011871167520689707,0.0011871167520689707,0.030312910253920005,0.030312910253920005,3.474449872970581,3.0545923709869385,2.748828649520874,10.011657238006592
97,0.001187205366380287,0.001187205366380287,0.03036563492146977,0.03036563492146977,3.466506004333496,3.1446900367736816,2.840894937515259,9.580702066421509
98,0.001184723560813761,0.001184723560813761,0.030305608006856992,0.030305608006856992,3.4609389305114746,3.141231060028076,2.7367923259735107,9.806459188461304
99,0.0011888528275015829,0.0011888528275015829,0.030454945957020526,0.030454945957020526,3.677098035812378,3.337833881378174,2.8454296588897705,9.794344186782837
100,0.0011928793920707313,0.0011928793920707313,0.030404029289650098,0.030404029289650098,3.444436550140381,3.3579041957855225,2.847899913787842,10.649550676345825
101,0.0011909109621965318,0.0011909109621965318,0.030469666428189667,0.030469666428189667,3.5615274906158447,3.1551547050476074,2.8443715572357178,10.668625593185425
102,0.0011945014967703975,0.0011945014967703975,0.030499922856683626,0.030499922856683626,3.5665836334228516,3.246211051940918,2.9569976329803467,10.722188711166382
103,0.0011901198661341474,0.0011901198661341474,0.030521981705908568,0.030521981705908568,3.583540439605713,3.24072265625,2.9429807662963867,10.503871202468872
104,0.0011875286363783473,0.0011875286363783473,0.030489150750083627,0.030489150750083627,3.6611592769622803,3.3458008766174316,2.9355335235595703,10.138633966445923
105,0.0011932080745286832,0.0011932080745286832,0.03053324033523227,0.03053324033523227,3.7772068977355957,3.4784984588623047,3.057622194290161,10.165294885635376
106,0.0011966216336687047,0.0011966216336687047,0.030640466380402298,0.030640466380402298,3.901818037033081,3.4699625968933105,3.055124044418335,10.863714694976807
107,0.001195165972454106,0.001195165972454106,0.030589423865700918,0.030589423865700918,3.9063563346862793,3.350849151611328,3.03456974029541,11.252156257629395
108,0.0011986835617941944,0.0011986835617941944,0.030729109535652548,0.030729109535652548,3.765216112136841,3.455400228500366,3.04858660697937,10.745985984802246
109,0.0011969238997944936,0.0011969238997944936,0.03074721143745862,0.03074721143745862,3.8787841796875,3.464979648590088,3.042567253112793,10.735165357589722
110,0.0011960380410490936,0.0011960380410490936,0.03073796047904055,0.03073796047904055,3.974907875061035,3.4489011764526367,3.1501810550689697,10.784695386886597
111,0.0011986938183999657,0.0011986938183999657,0.030766040252656474,0.030766040252656474,3.8723342418670654,3.5484869480133057,3.1416687965393066,11.174445390701294
112,0.0011963006750699836,0.0011963006750699836,0.030710138610995634,0.030710138610995634,3.8718698024749756,3.5565474033355713,3.248292922973633,12.641680479049683
113,0.0012021261244019098,0.0012021261244019098,0.030774864308980757,0.030774864308980757,4.117023229598999,3.586601495742798,3.239736318588257,11.157377481460571
114,0.0011986407399153759,0.0011986407399153759,0.030786299482662843,0.030786299482662843,3.988345146179199,3.651606321334839,3.260718822479248,11.184043169021606
115,0.0012007206093104974,0.0012007206093104974,0.030691727400009118,0.030691727400009118,4.107499122619629,3.6846537590026855,3.359912872314453,11.1209557056427
116,0.0012000223694573313,0.0012000223694573313,0.030673578257123624,0.030673578257123624,4.086977958679199,3.7856945991516113,3.2692782878875732,11.674954891204834
117,0.0012048699775939326,0.0012048699775939326,0.030744224447467383,0.030744224447467383,4.203577280044556,3.766749858856201,3.2657294273376465,12.008649587631226
118,0.0012041417311113938,0.0012041417311113938,0.030705565322220938,0.030705565322220938,4.1815104484558105,3.5880136489868164,3.356873035430908,11.578840970993042
119,0.0012075277455265597,0.0012075277455265597,0.030755208965268132,0.030755208965268132,4.4367835521698,3.6881346702575684,3.348336696624756,11.647927284240723
120,0.0012087939894790023,0.0012087939894790023,0.03081861947691849,0.03081861947691849,4.282126426696777,3.7816991806030273,3.3557982444763184,11.867038488388062
121,0.0012117942563317483,0.0012117942563317483,0.03075157341709686,0.03075157341709686,4.179041147232056,3.7546956539154053,3.3728671073913574,12.160321950912476
122,0.0012092361808475499,0.0012092361808475499,0.03079083606415594,0.03079083606415594,4.319161653518677,3.7676708698272705,3.482407569885254,12.539089918136597
123,0.0012102207768694036,0.0012102207768694036,0.030927788339009207,0.030927788339009207,4.406275749206543,3.7826955318450928,3.376899480819702,13.207284927368164
124,0.0012121612434192381,0.0012121612434192381,0.03082852162980527,0.03082852162980527,4.2972023487091064,3.7797534465789795,3.3573551177978516,12.343000888824463
125,0.001216654902764859,0.001216654902764859,0.030773915398646757,0.030773915398646757,4.293144702911377,3.877350330352783,3.483485221862793,11.864141941070557
126,0.0012194670848540673,0.0012194670848540673,0.030838123973626428,0.030838123973626428,4.185049772262573,3.9993786811828613,3.4669604301452637,12.488590240478516
127,0.0012188315157924449,0.0012188315157924449,0.030852582458012187,0.030852582458012187,4.300658226013184,3.7865607738494873,3.4574356079101562,12.188353776931763
128,0.0012170696407258195,0.0012170696407258195,0.03078355665311422,0.03078355665311422,4.399819850921631,3.904332160949707,3.4729154109954834,12.665714740753174
129,0.0012155057610574416,0.0012155057610574416,0.030689407208230372,0.030689407208230372,4.275675535202026,3.8812508583068848,3.456414222717285,12.259830951690674
130,0.0012180159396357887,0.0012180159396357887,0.03077583921681316,0.03077583921681316,4.393752336502075,3.8947672843933105,3.466940402984619,12.53670072555542
131,0.0012208858002587838,0.0012208858002587838,0.03073129025739664,0.03073129025739664,4.207537651062012,3.878296375274658,3.475954294204712,13.784378290176392
132,0.0012179777107213133,0.0012179777107213133,0.030885882214334033,0.030885882214334033,4.416291236877441,3.8737454414367676,3.492992401123047,12.327950239181519
133,0.0012210161104966447,0.0012210161104966447,0.030833532349749528,0.030833532349749528,4.588386297225952,3.997915267944336,3.5499885082244873,12.393474817276001
134,0.0012242536071957522,0.0012242536071957522,0.03093397421198069,0.03093397421198069,4.497313499450684,3.982362747192383,3.485441207885742,13.12219762802124
135,0.0012237680559619248,0.0012237680559619248,0.030837886935339075,0.030837886935339075,4.506280422210693,3.975414276123047,3.566541910171509,12.366000890731812
136,0.0012243928005809435,0.0012243928005809435,0.030780434101743442,0.030780434101743442,4.47826623916626,4.068469047546387,3.582545757293701,14.259120225906372
137,0.0012263352651759028,0.0012263352651759028,0.030820333902227746,0.030820333902227746,4.528776407241821,3.9729156494140625,3.586629629135132,14.067082166671753
138,0.0012285151918513867,0.0012285151918513867,0.030751253112343994,0.030751253112343994,4.5938897132873535,3.9888386726379395,3.566009283065796,13.042930364608765
139,0.0012284371656808536,0.0012284371656808536,0.030841710865019963,0.030841710865019963,4.547881126403809,4.1845550537109375,3.6616365909576416,12.938035011291504
140,0.0012261886536139152,0.0012261886536139152,0.030871710055847688,0.030871710055847688,4.6420416831970215,4.1735076904296875,3.691077709197998,13.91370439529419
141,0.0012297707249943964,0.0012297707249943964,0.030911295331849806,0.030911295331849806,4.7305121421813965,4.087021827697754,3.559990167617798,13.72515082359314
142,0.0012316643241489559,0.0012316643241489559,0.030979370098177417,0.030979370098177417,4.805023670196533,4.338150978088379,3.8932955265045166,13.199198484420776
143,0.0012322597772041165,0.0012322597772041165,0.030896242309193692,0.030896242309193692,4.709968090057373,4.198599100112915,3.778272867202759,13.664463758468628
144,0.0012354973276029102,0.0012354973276029102,0.03104575819871795,0.03104575819871795,4.727579593658447,4.1975438594818115,3.6826577186584473,13.210731506347656
145,0.0012319965399740739,0.0012319965399740739,0.03094091831236657,0.03094091831236657,4.733044147491455,4.305696964263916,3.773224353790283,13.325825214385986
146,0.0012316936466341723,0.0012316936466341723,0.03099634148371728,0.03099634148371728,4.7435102462768555,4.286629915237427,3.7741849422454834,13.965437412261963
147,0.0012302198140060779,0.0012302198140060779,0.031013639529255545,0.031013639529255545,4.816671133041382,4.5398759841918945,3.818241596221924,14.244166612625122
148,0.0012352474770439908,0.0012352474770439908,0.031097153334826027,0.031097153334826027,4.927212953567505,4.386737823486328,3.8928236961364746,15.246369361877441
149,0.001232511960876299,0.001232511960876299,0.031018210163509266,0.031018210163509266,4.953242301940918,4.288154363632202,3.6796228885650635,13.694080829620361
150,0.0012344347498923678,0.0012344347498923678,0.03106556894631681,0.03106556894631681,4.81502890586853,4.394221782684326,3.8713512420654297,14.68700885772705
151,0.00123405661318394,0.00123405661318394,0.031163953564780543,0.031163953564780543,4.862149477005005,4.4082067012786865,3.8933324813842773,14.953916549682617
152,0.0012376970325610518,0.0012376970325610518,0.031089336555648692,0.031089336555648692,5.078862190246582,4.320666551589966,3.8898017406463623,13.69405460357666
153,0.0012383306388431055,0.0012383306388431055,0.03124338837338535,0.03124338837338535,4.803148508071899,4.370222806930542,3.8847789764404297,14.515246391296387
154,0.0012383791875195617,0.0012383791875195617,0.031223370011951503,0.031223370011951503,4.925688982009888,4.4853174686431885,3.887803554534912,14.140039443969727
155,0.0012355974465509405,0.0012355974465509405,0.03120128277586865,0.03120128277586865,4.961742162704468,4.489867210388184,3.8788092136383057,13.924967050552368
156,0.0012366357999602953,0.0012366357999602953,0.03123407053682758,0.03123407053682758,5.0287394523620605,4.533331394195557,3.986868143081665,14.540890216827393
157,0.0012369462083692676,0.0012369462083692676,0.031195581135420966,0.031195581135420966,5.173904657363892,4.48281455039978,3.986419916152954,14.106980085372925
158,0.0012363380638680433,0.0012363380638680433,0.031256201738619524,0.031256201738619524,5.152857065200806,4.526849746704102,3.982836961746216,14.275994300842285
159,0.0012341217692659729,0.0012341217692659729,0.031154890557575896,0.031154890557575896,5.116800308227539,4.597914695739746,4.212106704711914,14.535772323608398
160,0.0012368882406604948,0.0012368882406604948,0.031184141783388172,0.031184141783388172,5.0387184619903564,4.637385368347168,4.093465089797974,14.660879373550415
161,0.0012383584000645188,0.0012383584000645188,0.031240151155612593,0.031240151155612593,5.157894611358643,4.590990781784058,4.083972454071045,16.0591242313385
162,0.0012378351516758805,0.0012378351516758805,0.03114198892711321,0.03114198892711321,5.247931241989136,4.521859407424927,4.182021141052246,15.116870164871216
163,0.001235772145683852,0.001235772145683852,0.031243125535602042,0.031243125535602042,5.21039080619812,4.72795557975769,4.089440822601318,14.704427242279053
164,0.0012395711409908471,0.0012395711409908471,0.03118628550650461,0.03118628550650461,5.263995409011841,4.727536916732788,4.139504671096802,14.856571674346924
165,0.0012382907746494713,0.0012382907746494713,0.031159744323563523,0.031159744323563523,5.476668357849121,4.872690200805664,4.082455635070801,14.692144870758057
166,0.0012387762764887737,0.0012387762764887737,0.03116762892746014,0.03116762892746014,5.389589309692383,4.841130018234253,4.207066774368286,15.51135540008545
167,0.001237398136301283,0.001237398136301283,0.03119406628882735,0.03119406628882735,5.361541271209717,4.816106557846069,4.322723150253296,15.513744592666626
168,0.0012364551555229207,0.0012364551555229207,0.031257724028701396,0.031257724028701396,5.449638366699219,4.74004340171814,4.197594881057739,15.333901643753052
169,0.0012402691700709651,0.0012402691700709651,0.03124215201279458,0.03124215201279458,5.358511686325073,4.849627494812012,4.333713054656982,15.541179656982422
170,0.001238541472239092,0.001238541472239092,0.03129583898253502,0.03129583898253502,5.47420597076416,4.746999263763428,4.274129629135132,15.34557294845581
171,0.0012381110687030047,0.0012381110687030047,0.03132068576107893,0.03132068576107893,5.5893683433532715,4.856728792190552,4.289114475250244,15.894467115402222
172,0.0012390198246821982,0.0012390198246821982,0.031224259129692757,0.031224259129692757,5.470685720443726,4.833592414855957,4.282167196273804,15.65782880783081
173,0.0012402837591488885,0.0012402837591488885,0.031242242252152386,0.031242242252152386,5.552748203277588,4.827134609222412,4.301668405532837,16.82673692703247
174,0.0012384213123619063,0.0012384213123619063,0.031287703093855895,0.031287703093855895,5.349533796310425,4.8090760707855225,4.298141241073608,15.501293659210205
175,0.001239294658458349,0.001239294658458349,0.03127370167773066,0.03127370167773066,5.552694797515869,4.889178037643433,4.2901129722595215,15.83499002456665
176,0.0012428709570831936,0.0012428709570831936,0.03138216290562545,0.03138216290562545,5.564701080322266,4.822072267532349,4.4047839641571045,16.236790418624878
177,0.0012439596743359302,0.0012439596743359302,0.03134072809114549,0.03134072809114549,5.573745965957642,4.933210134506226,4.401241064071655,16.060133457183838
178,0.0012408836365693078,0.0012408836365693078,0.03128014723711191,0.03128014723711191,5.582210302352905,4.966720342636108,4.3007214069366455,16.840120315551758
179,0.0012414896146667035,0.0012414896146667035,0.03130461701672067,0.03130461701672067,5.647336483001709,5.227967739105225,4.414713144302368,15.824893474578857
180,0.001243297039181647,0.001243297039181647,0.031358562969371534,0.031358562969371534,5.6828882694244385,5.080249309539795,4.738880634307861,16.23904848098755
181,0.0012440671962600284,0.0012440671962600284,0.031352335987999747,0.031352335987999747,5.694306373596191,5.159981966018677,4.64104700088501,18.148550271987915
182,0.0012441531118882194,0.0012441531118882194,0.031343015760801056,0.031343015760801056,5.90046763420105,5.160356521606445,4.616850137710571,17.166489362716675
183,0.0012459754217485292,0.0012459754217485292,0.03133054871911726,0.03133054871911726,5.746597051620483,5.197344064712524,4.52530574798584,16.63572669029236
184,0.0012457447114234913,0.0012457447114234913,0.03132015628416407,0.03132015628416407,5.78687310218811,5.247506618499756,4.4316956996917725,17.378586292266846
185,0.0012449038287854755,0.0012449038287854755,0.03138961508260471,0.03138961508260471,5.897328615188599,5.174925804138184,4.533385992050171,17.305226802825928
186,0.001243775076901521,0.001243775076901521,0.03136460916327996,0.03136460916327996,5.8585004806518555,5.366529226303101,4.621973276138306,17.84724187850952
187,0.0012472361931411627,0.0012472361931411627,0.03142354384410727,0.03142354384410727,5.964072942733765,5.27149224281311,4.718960762023926,17.38327193260193
188,0.0012458847450255773,0.0012458847450255773,0.03148927396781165,0.03148927396781165,6.098479509353638,5.37508487701416,4.636791706085205,17.64967370033264
189,0.001247718190790246,0.001247718190790246,0.03146388006315057,0.03146388006315057,6.11262583732605,5.33884859085083,4.620649576187134,17.826924085617065
190,0.0012438676414430207,0.0012438676414430207,0.03137348309352628,0.03137348309352628,6.178338527679443,5.320565223693848,4.8147664070129395,17.201532125473022
191,0.0012478327168161177,0.0012478327168161177,0.03151335685153337,0.03151335685153337,6.083026170730591,5.338367462158203,4.6378889083862305,18.026062726974487
192,0.0012479117418840728,0.0012479117418840728,0.03146066478031396,0.03146066478031396,6.0779078006744385,5.417599201202393,4.818989276885986,17.385905504226685
193,0.0012478718376154885,0.0012478718376154885,0.03159188488369524,0.03159188488369524,6.198578596115112,5.270497560501099,4.808859348297119,17.353207111358643
194,0.00124565368176041,0.00124565368176041,0.0314572640247336,0.0314572640247336,5.983413934707642,5.3597636222839355,4.805866003036499,17.446303844451904
195,0.0012519723591181528,0.0012519723591181528,0.031445884126083956,0.031445884126083956,6.3536765575408936,5.314898252487183,4.721951484680176,17.371180295944214
196,0.0012471172100269158,0.0012471172100269158,0.03153634510708747,0.03153634510708747,6.130064487457275,5.482051372528076,4.83122181892395,18.32455348968506
197,0.001249785871850807,0.001249785871850807,0.03150785939610216,0.03150785939610216,6.10066032409668,5.5435473918914795,4.820061206817627,18.109801054000854
198,0.0012496272964082574,0.0012496272964082574,0.03142758817640869,0.03142758817640869,6.13325572013855,5.46887469291687,4.735416412353516,18.563493013381958
199,0.0012472623564415597,0.0012472623564415597,0.031573986560450885,0.031573986560450885,6.193268060684204,5.469951391220093,4.826984405517578,17.702312231063843
200,0.0012496322657247678,0.0012496322657247678,0.03147410613336395,0.03147410613336395,6.185392141342163,5.689467668533325,4.743732690811157,17.710620164871216
201,0.001248361602153926,0.001248361602153926,0.0315692042080258,0.0315692042080258,6.298762798309326,5.421086072921753,5.05122184753418,20.871081352233887
202,0.0012528074875791902,0.0012528074875791902,0.03150394880151548,0.03150394880151548,6.327179670333862,5.58516001701355,4.9287638664245605,18.610373735427856
203,0.0012499247286013007,0.0012499247286013007,0.03162259171427118,0.03162259171427118,6.266214370727539,5.50359845161438,4.914353370666504,19.59240412712097
204,0.0012502386509124093,0.0012502386509124093,0.03159095439532556,0.03159095439532556,6.27082896232605,5.487559795379639,4.836564064025879,18.437273502349854
205,0.0012508261183904947,0.0012508261183904947,0.03156634605722182,0.03156634605722182,6.401446342468262,5.5527119636535645,4.912798881530762,18.774965047836304
206,0.0012525060923181965,0.0012525060923181965,0.031590903862844126,0.031590903862844126,6.333637952804565,5.462957382202148,4.830065011978149,19.528454065322876
207,0.001250392724444494,0.001250392724444494,0.03147909203191553,0.03147909203191553,6.323348522186279,5.628014326095581,5.05522894859314,18.221473693847656
208,0.0012481188313125866,0.0012481188313125866,0.03157690746879482,0.03157690746879482,6.168911695480347,5.692708253860474,5.0157084465026855,17.917349338531494
209,0.0012502219619151618,0.0012502219619151618,0.03158623237969138,0.03158623237969138,6.3133766651153564,5.790660858154297,5.04202938079834,18.128854990005493
210,0.0012485615808985663,0.0012485615808985663,0.03163392819716945,0.03163392819716945,6.4172749519348145,6.005692958831787,4.9303576946258545,17.87975835800171
211,0.0012478856537851497,0.0012478856537851497,0.03159102816910626,0.03159102816910626,6.529720067977905,5.828383684158325,5.162771940231323,20.80053162574768
212,0.001248457162295838,0.001248457162295838,0.03155246433339506,0.03155246433339506,6.506259202957153,5.75707483291626,5.031772613525391,18.382988929748535
213,0.0012500311474769159,0.0012500311474769159,0.031563640636751794,0.031563640636751794,6.422823190689087,5.8004162311553955,5.038215160369873,18.38743567466736
214,0.0012498602572624015,0.0012498602572624015,0.031519256170396776,0.031519256170396776,6.570399284362793,5.652612686157227,4.940508604049683,19.02214026451111
215,0.0012504202520346693,0.0012504202520346693,0.03154345888632408,0.03154345888632408,6.49192476272583,5.801005840301514,5.077422857284546,18.232574701309204
216,0.0012516625935103062,0.0012516625935103062,0.03154952062845597,0.03154952062845597,6.43263840675354,6.011739492416382,5.054539680480957,19.645354509353638
217,0.0012494494177663058,0.0012494494177663058,0.03150166671396761,0.03150166671396761,6.5053629875183105,5.923694610595703,5.030203104019165,18.838751554489136
218,0.001252396794338383,0.001252396794338383,0.031565513088575865,0.031565513088575865,6.819277286529541,5.887687683105469,5.252977132797241,20.437875270843506
219,0.0012515887356502936,0.0012515887356502936,0.03162119447168403,0.03162119447168403,6.719112873077393,5.910367250442505,5.145894527435303,19.45594048500061
220,0.0012490145165771046,0.0012490145165771046,0.031526053901977866,0.031526053901977866,6.61902379989624,6.026338815689087,5.269796133041382,19.326374769210815
221,0.001252631973706559,0.001252631973706559,0.03149664292348072,0.03149664292348072,6.635117769241333,5.89487361907959,5.1483025550842285,20.020075798034668
222,0.0012509730011953204,0.0012509730011953204,0.03160195676810985,0.03160195676810985,6.867018461227417,6.017728328704834,5.162168264389038,19.40743136405945
223,0.0012518135324082933,0.0012518135324082933,0.03165413142611927,0.03165413142611927,6.740852117538452,5.909961223602295,5.250144004821777,19.40613293647766
224,0.0012515369890199433,0.0012515369890199433,0.031629546054064483,0.031629546054064483,6.929952621459961,5.996291160583496,5.264999151229858,19.1786892414093
225,0.0012507396467214603,0.0012507396467214603,0.03155515146591884,0.03155515146591884,6.679203748703003,6.292646408081055,5.218399524688721,18.949315071105957
226,0.0012516543845571663,0.0012516543845571663,0.03155086786110479,0.03155086786110479,6.8588926792144775,5.977471113204956,5.228939533233643,19.99126410484314
227,0.001251721940778564,0.001251721940778564,0.03159625499742351,0.03159625499742351,6.867713928222656,5.869481325149536,5.25923490524292,20.619547843933105
228,0.0012500013839719544,0.0012500013839719544,0.031570631601046395,0.031570631601046395,6.70599102973938,5.866144418716431,5.180587291717529,20.86220669746399
229,0.0012489601503975793,0.0012489601503975793,0.031491753797686275,0.031491753797686275,6.698901653289795,6.02789044380188,5.267273187637329,19.519156455993652
230,0.0012527090464775222,0.0012527090464775222,0.03163886566764917,0.03163886566764917,6.888507604598999,6.128220796585083,5.343031883239746,19.111802577972412
231,0.0012488068364780256,0.0012488068364780256,0.031568920750283336,0.031568920750283336,6.922650575637817,6.188013315200806,5.254313945770264,20.189865827560425
232,0.0012519015921775012,0.0012519015921775012,0.03155050771853043,0.03155050771853043,6.839409112930298,6.187248945236206,5.325079917907715,20.596513748168945
233,0.00125223383697743,0.00125223383697743,0.031601429087592295,0.031601429087592295,6.896695137023926,6.08667516708374,5.374863862991333,20.609642028808594
234,0.001251000935060077,0.001251000935060077,0.03157419459542942,0.03157419459542942,7.055301189422607,6.0873918533325195,5.462058067321777,20.27116322517395
235,0.0012522959740115828,0.0012522959740115828,0.03163247337320862,0.03163247337320862,7.045921802520752,6.443325519561768,5.443556308746338,19.58377242088318
236,0.0012532758915992767,0.0012532758915992767,0.03153816028889204,0.03153816028889204,7.162484169006348,6.30186653137207,5.483907461166382,20.098702669143677
237,0.0012514985205523813,0.0012514985205523813,0.03155798226942374,0.03155798226942374,7.052074432373047,6.3082051277160645,5.445573329925537,20.825868844985962
238,0.001250628551554067,0.001250628551554067,0.0315998990972064,0.0315998990972064,7.056757926940918,6.304855585098267,5.544631481170654,20.637784719467163
239,0.001252257684462427,0.001252257684462427,0.03158768056087947,0.03158768056087947,7.024770736694336,6.430870294570923,5.365695238113403,20.413492918014526
240,0.0012525154992814277,0.0012525154992814277,0.03160306480856821,0.03160306480856821,7.162954807281494,6.408720016479492,5.502109527587891,20.793227672576904
241,0.001251402305434975,0.001251402305434975,0.031602624356757675,0.031602624356757675,7.252016305923462,6.263806104660034,5.72908878326416,21.250053644180298
242,0.0012511433733740785,0.0012511433733740785,0.031597949697911354,0.031597949697911354,7.026511907577515,6.221226930618286,5.353883266448975,21.98786997795105
243,0.001252141598917407,0.001252141598917407,0.03158562592996723,0.03158562592996723,7.156357288360596,6.400251865386963,5.547757148742676,20.04788374900818
244,0.0012539260705089078,0.0012539260705089078,0.03165331063390542,0.03165331063390542,7.245472431182861,6.4208879470825195,5.557827711105347,20.761757135391235
245,0.001254106996898401,0.001254106996898401,0.031575235460835,0.031575235460835,7.070796012878418,6.2927775382995605,5.47088360786438,20.170841693878174
246,0.0012537198388735092,0.0012537198388735092,0.03154892336714036,0.03154892336714036,7.132635116577148,6.3439576625823975,5.521876573562622,21.446260690689087
247,0.0012520847713586448,0.0012520847713586448,0.03158439736893338,0.03158439736893338,7.252705812454224,6.548812389373779,5.5579674243927,21.69102120399475
248,0.0012531780184297319,0.0012531780184297319,0.031627424854626385,0.031627424854626385,7.07008957862854,6.328441381454468,5.50568962097168,20.86611294746399
249,0.0012500091490265269,0.0012500091490265269,0.0316141953412893,0.0316141953412893,7.181177854537964,6.3884663581848145,5.467237710952759,20.514262676239014
250,0.0012524048364533553,0.0012524048364533553,0.03155352394471858,0.03155352394471858,6.967843294143677,6.319234609603882,5.603098630905151,20.122310638427734
251,0.0012542004369163581,0.0012542004369163581,0.03159968060101145,0.03159968060101145,7.002016305923462,6.441596031188965,5.54764723777771,20.53919506072998
252,0.001255120258003213,0.001255120258003213,0.031485225964219425,0.031485225964219425,7.223920106887817,6.300807952880859,5.44691014289856,22.37542486190796
253,0.0012532285666339358,0.0012532285666339358,0.0315330782094441,0.0315330782094441,7.25713038444519,6.429413080215454,5.491191864013672,20.32018733024597
254,0.001251660425072543,0.001251660425072543,0.031601201632169874,0.031601201632169874,7.160077333450317,6.399028778076172,5.535417556762695,20.45654010772705
255,0.001249282320526375,0.001249282320526375,0.0316402485310067,0.0316402485310067,7.281644821166992,6.323499441146851,5.702568531036377,20.940436124801636
256,0.0012504945430411932,0.0012504945430411932,0.031592956044576445,0.031592956044576445,7.2445008754730225,6.556663274765015,5.678758859634399,21.373796939849854
257,0.0012506858917119962,0.0012506858917119962,0.03155666998617606,0.03155666998617606,7.27480936050415,6.217483758926392,5.66314697265625,23.553678512573242
258,0.001253227955450222,0.001253227955450222,0.031600913137299604,0.031600913137299604,7.172392129898071,6.494802474975586,5.723143577575684,20.717886924743652
259,0.0012512745103630746,0.0012512745103630746,0.03159873971902551,0.03159873971902551,7.385923624038696,6.48939847946167,5.681875705718994,20.8673574924469
260,0.0012510410074762035,0.0012510410074762035,0.03155649556305872,0.03155649556305872,7.345813035964966,6.553194284439087,5.535760164260864,21.249396800994873
261,0.0012522411564334461,0.0012522411564334461,0.03146904817724534,0.03146904817724534,7.215731859207153,6.3965003490448,5.646911382675171,21.786137580871582
262,0.0012520669968173834,0.0012520669968173834,0.03160559094790792,0.03160559094790792,7.10434627532959,6.319169282913208,5.6850175857543945,21.9255108833313
263,0.0012495359824875013,0.0012495359824875013,0.0315573570727178,0.0315573570727178,7.264496326446533,6.518872499465942,5.566482067108154,20.72725558280945
264,0.0012521988777439244,0.0012521988777439244,0.03164711734134216,0.03164711734134216,7.261074066162109,6.395324468612671,5.539101839065552,21.547321319580078
265,0.0012553862540874911,0.0012553862540874911,0.03155692766116288,0.03155692766116288,7.209055662155151,6.460049390792847,5.771768569946289,20.31639862060547
266,0.0012505624489957843,0.0012505624489957843,0.031608909781482085,0.031608909781482085,7.3705973625183105,6.592397212982178,5.573817729949951,21.134487867355347
267,0.0012538033417886162,0.0012538033417886162,0.03153158728289258,0.03153158728289258,7.229848623275757,6.466474771499634,5.584741592407227,23.762308359146118
268,0.0012514638685575592,0.0012514638685575592,0.031650186373996046,0.031650186373996046,7.150372266769409,6.510784864425659,5.564433336257935,20.6307635307312
269,0.0012516698019378052,0.0012516698019378052,0.031560919342153805,0.031560919342153805,7.177415609359741,6.322228670120239,5.692190647125244,20.738173961639404
270,0.0012503995153096948,0.0012503995153096948,0.03157009394815875,0.03157009394815875,7.460229158401489,6.418757915496826,5.654465198516846,20.98335552215576
271,0.0012529800933890258,0.0012529800933890258,0.031631220653961616,0.031631220653961616,7.3728837966918945,6.620453357696533,5.601782560348511,21.701612949371338
272,0.0012507546119535807,0.0012507546119535807,0.031566667643632425,0.031566667643632425,7.249162435531616,6.423094272613525,5.805396795272827,22.687938451766968
273,0.0012494156072129024,0.0012494156072129024,0.031497183104104584,0.031497183104104584,7.54915189743042,6.620926856994629,5.775094270706177,21.426229238510132
274,0.001251798466846941,0.001251798466846941,0.03160055375541788,0.03160055375541788,7.0569798946380615,6.575515985488892,5.5453901290893555,20.82444953918457
275,0.0012532988006629347,0.0012532988006629347,0.03159641668694558,0.03159641668694558,7.469623327255249,6.40786600112915,5.5624425411224365,20.51568031311035
276,0.0012518249347433811,0.0012518249347433811,0.03163350262373586,0.03163350262373586,7.179518699645996,6.3936989307403564,5.64875054359436,22.001978635787964
277,0.0012508588463485408,0.0012508588463485408,0.03165619981698636,0.03165619981698636,7.274510860443115,6.4034483432769775,5.7321977615356445,21.82947087287903
278,0.0012540348733812113,0.0012540348733812113,0.03164266493627377,0.03164266493627377,7.37414026260376,6.483843564987183,5.549150705337524,22.329180479049683
279,0.0012547455568349662,0.0012547455568349662,0.0315799892390589,0.0315799892390589,7.357370138168335,6.712960481643677,5.690661907196045,20.967392683029175
280,0.001253844089271752,0.001253844089271752,0.03158624311909634,0.03158624311909634,7.718053579330444,6.510041952133179,5.652541637420654,20.865840911865234
281,0.0012522969730052178,0.0012522969730052178,0.031580040872065125,0.031580040872065125,7.567121267318726,6.740678548812866,5.562258005142212,21.302922248840332
282,0.0012534157479532216,0.0012534157479532216,0.031596411612178,0.031596411612178,7.3867506980896,6.574033737182617,5.697858572006226,22.240575075149536
283,0.0012517946980467318,0.0012517946980467318,0.03155751714080246,0.03155751714080246,7.2675182819366455,6.3917460441589355,5.600329160690308,22.042688131332397
284,0.0012548914006427565,0.0012548914006427565,0.031551453976253176,0.031551453976253176,7.348309755325317,6.378175973892212,5.661560297012329,21.225560665130615
285,0.0012515811090000881,0.0012515811090000881,0.03163536611364918,0.03163536611364918,7.316700458526611,6.527867555618286,5.815344333648682,20.821818828582764
286,0.0012506582924251592,0.0012506582924251592,0.03156038110435839,0.03156038110435839,7.261264324188232,6.649855136871338,5.574146747589111,21.67675805091858
287,0.0012525480957271838,0.0012525480957271838,0.03168363794300703,0.03168363794300703,7.3299500942230225,6.44084358215332,5.703770399093628,22.07845640182495
288,0.0012505245412598545,0.0012505245412598545,0.031686129686487284,0.031686129686487284,7.421933650970459,6.57862401008606,5.660298109054565,20.89287519454956
289,0.0012508220339073985,0.0012508220339073985,0.03157325401775,0.03157325401775,7.293964862823486,6.580461025238037,5.757970094680786,21.20792245864868
290,0.001251200840333697,0.001251200840333697,0.03158393669504909,0.03158393669504909,7.285590171813965,6.457641124725342,5.842198848724365,21.885390996932983
291,0.0012517590526660916,0.0012517590526660916,0.031579791136067355,0.031579791136067355,7.2509684562683105,6.54304575920105,5.830291271209717,21.957778453826904
292,0.0012530340014454292,0.0012530340014454292,0.03160720193613217,0.03160720193613217,7.464616537094116,6.768563508987427,5.6578710079193115,22.415531158447266
293,0.0012540476437883498,0.0012540476437883498,0.03151729278328273,0.03151729278328273,7.364623308181763,6.51492166519165,5.5915467739105225,21.71969199180603
294,0.0012547843851127326,0.0012547843851127326,0.03158766359011956,0.03158766359011956,7.242022275924683,6.499476909637451,5.732611417770386,21.107206344604492
295,0.0012540795546693287,0.0012540795546693287,0.03152587656532455,0.03152587656532455,7.469448089599609,6.604243278503418,5.702405214309692,21.384788751602173
296,0.0012486928239027147,0.0012486928239027147,0.03157898791404644,0.03157898791404644,7.4589524269104,6.619635820388794,5.792879104614258,23.94655418395996
297,0.001250473617298804,0.001250473617298804,0.03155796876579718,0.03155796876579718,7.237035274505615,6.657221078872681,5.88709831237793,22.629120588302612
298,0.0012543322913360514,0.0012543322913360514,0.03164292903855845,0.03164292903855845,7.754550457000732,6.5435497760772705,5.586897134780884,21.535003900527954
299,0.0012507164510194312,0.0012507164510194312,0.03156868217519806,0.03156868217519806,7.537499189376831,6.497986793518066,5.744483470916748,21.4122416973114
300,0.001252781027316119,0.001252781027316119,0.031613467673274255,0.031613467673274255,7.388996601104736,6.4045751094818115,5.863245725631714,21.9079647064209
301,0.0012537086810541173,0.0012537086810541173,0.03162842820409497,0.03162842820409497,7.574215412139893,6.605277061462402,5.801119565963745,23.218684911727905
302,0.001252945894201263,0.001252945894201263,0.0315600947452727,0.0315600947452727,7.510070323944092,6.625779151916504,5.792464971542358,23.657728910446167
303,0.0012516334838741086,0.0012516334838741086,0.03163113658692294,0.03163113658692294,7.249109268188477,6.637187480926514,5.659659385681152,20.964699506759644
304,0.0012556337419130422,0.0012556337419130422,0.03165934185697781,0.03165934185697781,7.5891711711883545,6.622631549835205,5.647195339202881,21.332003593444824
305,0.0012534987342214363,0.0012534987342214363,0.03162052659186968,0.03162052659186968,7.421513795852661,6.591111898422241,5.688347101211548,21.462523460388184
306,0.0012512750343510084,0.0012512750343510084,0.03152224374661757,0.03152224374661757,7.465780258178711,6.522509336471558,5.561568975448608,24.0304536819458
307,0.0012516067284273594,0.0012516067284273594,0.0315933135642646,0.0315933135642646,7.295124769210815,6.64040207862854,5.802001714706421,23.64338707923889
308,0.0012539957042378056,0.0012539957042378056,0.03161408340272337,0.03161408340272337,7.554671049118042,6.583489656448364,5.817146062850952,21.520236015319824
309,0.0012554998658637318,0.0012554998658637318,0.03161209523119531,0.03161209523119531,7.468462705612183,6.528642416000366,5.607095003128052,21.238158226013184
310,0.001251887597973217,0.001251887597973217,0.03163522585264141,0.03163522585264141,7.438401937484741,6.474445104598999,5.653846025466919,22.171415090560913
311,0.001253929022932134,0.001253929022932134,0.031617551462591646,0.031617551462591646,7.478136301040649,6.541311264038086,5.65757155418396,21.730177402496338
312,0.0012528723356544712,0.0012528723356544712,0.03161714033417227,0.03161714033417227,7.279236793518066,6.410900831222534,5.768335342407227,22.246903657913208
313,0.0012521159619286626,0.0012521159619286626,0.031582798944104803,0.031582798944104803,7.427591800689697,6.458207368850708,5.6619932651519775,21.28473663330078
314,0.00125397633037821,0.00125397633037821,0.03156894497506505,0.03156894497506505,7.381319761276245,6.4135801792144775,5.8542633056640625,21.267184257507324
315,0.0012508399701269047,0.0012508399701269047,0.03161253727264364,0.03161253727264364,7.796236991882324,6.563986539840698,6.050953149795532,22.72579002380371
316,0.0012532882383973385,0.0012532882383973385,0.03149788343121902,0.03149788343121902,7.483044624328613,6.509841680526733,5.864979982376099,23.409738063812256
317,0.0012550360965777239,0.0012550360965777239,0.031579122036138524,0.031579122036138524,7.494391918182373,6.612973213195801,5.866278648376465,24.881356477737427
318,0.0012493005788159867,0.0012493005788159867,0.03159559629453791,0.03159559629453791,7.47075629234314,6.611035108566284,5.780439376831055,23.403293132781982
319,0.0012501024879990846,0.0012501024879990846,0.03159609812315238,0.03159609812315238,7.382681369781494,6.644237041473389,5.787325382232666,21.676421642303467
320,0.0012523637320871908,0.0012523637320871908,0.03161188106368599,0.03161188106368599,7.550082445144653,6.497940301895142,5.772623777389526,22.51983332633972
321,0.0012530850148731807,0.0012530850148731807,0.031693071103930104,0.031693071103930104,7.48659873008728,6.652960777282715,5.811824560165405,22.372759103775024
322,0.001249247046388216,0.001249247046388216,0.03166500016403925,0.03166500016403925,7.6035377979278564,6.698689222335815,5.75620698928833,23.627794981002808
323,0.0012525758972072808,0.0012525758972072808,0.03150446429144843,0.03150446429144843,7.455580472946167,6.386134624481201,5.6969921588897705,21.042751789093018
324,0.0012516543964492901,0.0012516543964492901,0.03162831712316755,0.03162831712316755,7.358768939971924,6.50545859336853,5.813910245895386,20.97565269470215
325,0.0012531615585087222,0.0012531615585087222,0.03153009502082279,0.03153009502082279,7.367009401321411,6.575000762939453,5.761401176452637,20.89077591896057
326,0.0012513669944910224,0.0012513669944910224,0.03159097922808921,0.03159097922808921,7.715800762176514,6.612314224243164,5.864446401596069,23.489323139190674
327,0.001251667009181748,0.001251667009181748,0.03157143071233515,0.03157143071233515,7.466346979141235,6.709764003753662,5.658176422119141,24.413731336593628
328,0.0012528752516994452,0.0012528752516994452,0.031617350897240944,0.031617350897240944,7.491015672683716,6.551795244216919,5.738263845443726,22.004148483276367
329,0.0012506333255243955,0.0012506333255243955,0.03164558693081221,0.03164558693081221,7.565008163452148,6.721618175506592,5.806317567825317,22.886584997177124
330,0.0012496282084266612,0.0012496282084266612,0.03155181667808484,0.03155181667808484,7.586941480636597,6.726322650909424,5.684257745742798,22.04000163078308
331,0.0012516309481199303,0.0012516309481199303,0.031508150924893466,0.031508150924893466,7.463817358016968,6.651563882827759,5.783245086669922,24.10887885093689
332,0.0012519250619003766,0.0012519250619003766,0.03160039192128461,0.03160039192128461,7.802096366882324,6.884742021560669,6.166024923324585,23.84600806236267
333,0.0012525364871082295,0.0012525364871082295,0.031542690053690994,0.031542690053690994,7.931451082229614,6.942861557006836,5.913640975952148,22.046738624572754
334,0.0012507068673306234,0.0012507068673306234,0.03164748359682729,0.03164748359682729,7.480621814727783,6.584957599639893,5.782879829406738,22.202860832214355
335,0.0012520335682464113,0.0012520335682464113,0.03152887739320659,0.03152887739320659,7.563121557235718,6.532429456710815,5.780993461608887,22.163596868515015
336,0.0012538703371102124,0.0012538703371102124,0.03163219113527707,0.03163219113527707,7.8265061378479,6.450796842575073,5.9393510818481445,21.67029094696045
337,0.0012497697194940882,0.0012497697194940882,0.031632815016305924,0.031632815016305924,7.488656520843506,6.581698179244995,5.597589492797852,21.5130352973938
338,0.0012513102600910573,0.0012513102600910573,0.03158382126271885,0.03158382126271885,7.137929201126099,6.537986993789673,5.452004671096802,21.32661271095276
339,0.0012510106463438685,0.0012510106463438685,0.031719180568823134,0.031719180568823134,7.413887023925781,6.5531909465789795,5.787897825241089,21.91016459465027
340,0.0012503828592311424,0.0012503828592311424,0.03153858670332898,0.03153858670332898,7.26160192489624,6.472015142440796,5.784881353378296,21.30218815803528
341,0.001251360995601623,0.001251360995601623,0.03166876627524169,0.03166876627524169,7.677610635757446,6.713361978530884,5.9139626026153564,23.166876792907715
342,0.0012521586122072868,0.0012521586122072868,0.03163397303040661,0.03163397303040661,7.5056445598602295,6.531048536300659,5.6897547245025635,21.68764042854309
343,0.0012543260080072483,0.0012543260080072483,0.031612213203612884,0.031612213203612884,7.461353778839111,6.616168737411499,5.793852806091309,22.142958164215088
344,0.0012543129645101372,0.0012543129645101372,0.03161229562305257,0.03161229562305257,7.641219139099121,6.7198264598846436,5.719472885131836,22.165448904037476
345,0.001254616521393697,0.001254616521393697,0.031633187754216176,0.031633187754216176,7.574965238571167,6.622481346130371,5.896586894989014,22.536576747894287
346,0.0012542734804048394,0.0012542734804048394,0.03159767316353929,0.03159767316353929,7.4403908252716064,6.623831272125244,5.943752288818359,21.797531604766846
347,0.0012532261035408314,0.0012532261035408314,0.031613229942983836,0.031613229942983836,7.517636299133301,6.634866952896118,5.825920343399048,23.003126859664917
348,0.0012532064281788173,0.0012532064281788173,0.03159851901563232,0.03159851901563232,7.523177146911621,6.539351940155029,5.763081789016724,21.149359226226807
349,0.0012506308648836807,0.0012506308648836807,0.03162065359021166,0.03162065359021166,7.5073277950286865,6.53183126449585,5.759345293045044,22.055379629135132
350,0.0012536291690252385,0.0012536291690252385,0.031574840140889966,0.031574840140889966,7.678400754928589,6.853284120559692,5.877995014190674,21.45757246017456
351,0.0012506978220878692,0.0012506978220878692,0.03166475314447839,0.03166475314447839,7.611298561096191,6.747552871704102,5.693775177001953,22.8954119682312
352,0.0012526784018382759,0.0012526784018382759,0.031556317005448684,0.031556317005448684,7.6198601722717285,6.639919757843018,5.6576197147369385,22.134851932525635
353,0.0012503054378916756,0.0012503054378916756,0.031554901709370524,0.031554901709370524,7.511205434799194,6.602579593658447,5.758899450302124,21.313106775283813
354,0.0012527118217656023,0.0012527118217656023,0.03158634517984992,0.03158634517984992,7.365468740463257,6.5497825145721436,5.765918731689453,21.474116325378418
355,0.001253442136198697,0.001253442136198697,0.031569899035081325,0.031569899035081325,7.337198734283447,6.583101034164429,5.851435422897339,21.221998691558838
356,0.0012492543822505051,0.0012492543822505051,0.03161729243060925,0.03161729243060925,7.311258554458618,6.518126010894775,5.807008266448975,23.2735652923584
357,0.001253267865026587,0.001253267865026587,0.0316388448998128,0.0316388448998128,7.46044135093689,6.788259744644165,5.776522159576416,22.20296597480774
358,0.0012529649158975291,0.0012529649158975291,0.03164155851517418,0.03164155851517418,7.496870040893555,6.543526887893677,5.670647859573364,21.27580952644348
359,0.0012513794515946483,0.0012513794515946483,0.031488296249221594,0.031488296249221594,7.480868101119995,6.767185211181641,5.650283336639404,21.56805419921875
360,0.0012531249990945432,0.0012531249990945432,0.03164212932873214,0.03164212932873214,7.464729070663452,6.615555286407471,5.801995754241943,22.2571222782135
361,0.001250776708428729,0.001250776708428729,0.03155497220478654,0.03155497220478654,7.656002044677734,6.628063917160034,5.785483121871948,22.921736478805542
362,0.0012533000543243937,0.0012533000543243937,0.03154688556468949,0.03154688556468949,7.4128258228302,6.824691534042358,5.802402019500732,22.1000874042511
363,0.00125293814945926,0.00125293814945926,0.031601713222132274,0.031601713222132274,7.534904718399048,6.505030155181885,5.7028772830963135,21.6099796295166
364,0.0012543777143670233,0.0012543777143670233,0.03160661774932427,0.03160661774932427,7.5049521923065186,6.698551177978516,5.927475452423096,22.178992748260498
365,0.0012504340410490335,0.0012504340410490335,0.03166674066500469,0.03166674066500469,7.238250255584717,6.602095127105713,5.777339458465576,21.82212233543396
366,0.0012514316875808468,0.0012514316875808468,0.0316206113307692,0.0316206113307692,7.546361923217773,6.601738691329956,5.5977935791015625,24.427753448486328
367,0.0012519032293273318,0.0012519032293273318,0.03166307335425963,0.03166307335425963,7.496426582336426,6.806470632553101,5.820023775100708,24.041649341583252
368,0.001250569324906538,0.001250569324906538,0.03159139203679331,0.03159139203679331,7.803188323974609,6.824326753616333,5.783506631851196,21.415468215942383
369,0.0012544220605572806,0.0012544220605572806,0.031647316589558674,0.031647316589558674,7.587099552154541,6.541559934616089,5.784823656082153,21.38566517829895
370,0.0012569019410742582,0.0012569019410742582,0.031604870402836376,0.031604870402836376,7.357134580612183,6.413371562957764,5.680789947509766,21.104183673858643
371,0.0012539011817219682,0.0012539011817219682,0.031635988810799966,0.031635988810799966,7.262055397033691,6.54498553276062,5.703346252441406,21.992727994918823
372,0.0012501649360351153,0.0012501649360351153,0.03169319563203209,0.03169319563203209,7.457265377044678,6.424860954284668,5.759813547134399,21.936856031417847
373,0.0012515173297922664,0.0012515173297922664,0.03162763677756686,0.03162763677756686,7.341634750366211,6.575614929199219,5.796056270599365,22.04804039001465
374,0.001252310379637665,0.001252310379637665,0.03165861309282482,0.03165861309282482,7.319198131561279,6.558523416519165,5.707759141921997,21.340417861938477
375,0.001251920973160341,0.001251920973160341,0.03158666174967471,0.03158666174967471,7.5820159912109375,6.527841091156006,5.840157747268677,21.996333599090576
376,0.0012532027806644202,0.0012532027806644202,0.03165283628752299,0.03165283628752299,7.51240086555481,6.397718906402588,5.653451919555664,23.928884267807007
377,0.0012536181294257125,0.0012536181294257125,0.03164983408694445,0.03164983408694445,7.730350017547607,6.717369794845581,5.699482679367065,22.943357706069946
378,0.001252008862817932,0.001252008862817932,0.031615955288469035,0.031615955288469035,7.47285532951355,6.491176605224609,5.780008554458618,22.813145399093628
379,0.0012538608505107463,0.0012538608505107463,0.03158207315957526,0.03158207315957526,7.576496839523315,6.717254638671875,5.662238836288452,22.12814736366272
380,0.0012511064484068478,0.0012511064484068478,0.03161435216413473,0.03161435216413473,7.401863098144531,6.547770977020264,5.752274513244629,21.402996301651
381,0.0012540859457014918,0.0012540859457014918,0.031664061365333895,0.031664061365333895,7.256621360778809,6.534477949142456,5.666259288787842,22.068606853485107
382,0.0012515736824962277,0.0012515736824962277,0.03158588250044695,0.03158588250044695,7.359747648239136,6.621213912963867,5.897746324539185,23.369443655014038
383,0.0012544665567956893,0.0012544665567956893,0.03155931789458096,0.03155931789458096,7.643284320831299,6.505852937698364,5.593674898147583,21.62565279006958
384,0.0012523103478071964,0.0012523103478071964,0.031619956297079525,0.031619956297079525,7.420189380645752,6.509634733200073,5.9490647315979,21.703194618225098
385,0.001252124432797132,0.001252124432797132,0.0316707451097612,0.0316707451097612,7.788187503814697,6.50161600112915,5.703274726867676,21.92085313796997
386,0.001252990562865294,0.001252990562865294,0.0315490269527561,0.0315490269527561,7.492372274398804,6.628607988357544,5.738797187805176,22.479015111923218
387,0.0012534648941728778,0.0012534648941728778,0.03157049633641684,0.03157049633641684,7.442976474761963,6.67974328994751,5.768560886383057,22.446159839630127
388,0.001251258728914641,0.001251258728914641,0.03160115785693714,0.03160115785693714,7.44172215461731,6.636730194091797,5.77381443977356,21.296324491500854
389,0.0012556137026583122,0.0012556137026583122,0.031617231224806315,0.031617231224806315,7.4992640018463135,6.43587064743042,5.687743186950684,21.535526037216187
